-- MySQL dump 10.13  Distrib 5.7.8-rc, for Linux (x86_64)
--
-- Host: localhost    Database: hbnb_dev_db
-- ------------------------------------------------------
-- Server version	5.7.8-rc

/*!40101 SET @OLD_CHARACTER_SET_CLIENT=@@CHARACTER_SET_CLIENT */;
/*!40101 SET @OLD_CHARACTER_SET_RESULTS=@@CHARACTER_SET_RESULTS */;
/*!40101 SET @OLD_COLLATION_CONNECTION=@@COLLATION_CONNECTION */;
/*!40101 SET NAMES utf8 */;
/*!40103 SET @OLD_TIME_ZONE=@@TIME_ZONE */;
/*!40103 SET TIME_ZONE='+00:00' */;
/*!40014 SET @OLD_UNIQUE_CHECKS=@@UNIQUE_CHECKS, UNIQUE_CHECKS=0 */;
/*!40014 SET @OLD_FOREIGN_KEY_CHECKS=@@FOREIGN_KEY_CHECKS, FOREIGN_KEY_CHECKS=0 */;
/*!40101 SET @OLD_SQL_MODE=@@SQL_MODE, SQL_MODE='NO_AUTO_VALUE_ON_ZERO' */;
/*!40111 SET @OLD_SQL_NOTES=@@SQL_NOTES, SQL_NOTES=0 */;

--
-- Dumping data for table `amenities`
--

LOCK TABLES `amenities` WRITE;
/*!40000 ALTER TABLE `amenities` DISABLE KEYS */;
INSERT INTO `amenities` VALUES ('4334cebf-b4be-463f-bd0e-112510d045f8','2022-12-08 02:00:59','2022-12-08 02:00:59','Hairshirt'),('821a55f4-7d82-47d9-b54c-a76916479551','2017-03-25 19:44:42','2017-03-25 19:44:42','Wifi'),('821a55f4-7d82-47d9-b54c-a76916479552','2017-03-25 19:44:42','2017-03-25 19:44:42','Pets friendly'),('821a55f4-7d82-47d9-b54c-a76916479553','2017-03-25 19:44:42','2017-03-25 19:44:42','Elevator in building'),('821a55f4-7d82-47d9-b54c-a76916479554','2017-03-25 19:44:42','2017-03-25 19:44:42','Doorman'),('821a55f4-7d82-47d9-b54c-a76916479555','2017-03-25 19:44:42','2017-03-25 19:44:42','Cable TV'),('821a55f4-7d82-47d9-b54c-a76916479556','2017-03-25 19:44:42','2017-03-25 19:44:42','Dryer'),('821a55f4-7d82-47d9-b54c-a76916479557','2017-03-25 19:44:42','2017-03-25 19:44:42','Hair dryer'),('821a55f4-7d82-47d9-b54c-a76916479558','2017-03-25 19:44:42','2017-03-25 19:44:42','Iron'),('821a55f4-7d82-47d9-b54c-a76916479559','2017-03-25 19:44:42','2017-03-25 19:44:42','Washer'),('821a55f4-7d82-47d9-b54c-a76916479560','2017-03-25 19:44:42','2017-03-25 19:44:42','Laundry room'),('821a55f4-7d82-47d9-b54c-a76916479561','2017-03-25 19:44:42','2017-03-25 19:44:42','Air conditioning'),('821a55f4-7d82-47d9-b54c-a76916479562','2017-03-25 19:44:42','2017-03-25 19:44:42','Hot tub'),('821a55f4-7d82-47d9-b54c-a76916479563','2017-03-25 19:44:42','2017-03-25 19:44:42','Smoking allowed');
/*!40000 ALTER TABLE `amenities` ENABLE KEYS */;
UNLOCK TABLES;

--
-- Dumping data for table `cities`
--

LOCK TABLES `cities` WRITE;
/*!40000 ALTER TABLE `cities` DISABLE KEYS */;
INSERT INTO `cities` VALUES ('1d6917bc-1826-4c2a-b55e-651c479266a5','2022-12-07 11:20:29','2022-12-07 11:21:33','Bossier City','421a55f4-7d82-47d9-b54c-a76916479547'),('521a55f4-7d82-47d9-b54c-a76916479545','2017-03-25 19:44:42','2017-03-25 19:44:42','Akron','421a55f4-7d82-47d9-b54c-a76916479545'),('521a55f4-7d82-47d9-b54c-a76916479546','2017-03-25 19:44:42','2017-03-25 19:44:42','Douglas','421a55f4-7d82-47d9-b54c-a76916479546'),('521a55f4-7d82-47d9-b54c-a76916479547','2017-03-25 19:44:42','2017-03-25 19:44:42','San Francisco','421a55f4-7d82-47d9-b54c-a76916479547'),('521a55f4-7d82-47d9-b54c-a76916479548','2017-03-25 19:44:42','2017-03-25 19:44:42','Denver','421a55f4-7d82-47d9-b54c-a76916479548'),('521a55f4-7d82-47d9-b54c-a76916479549','2017-03-25 19:44:42','2017-03-25 19:44:42','Miami','421a55f4-7d82-47d9-b54c-a76916479549'),('521a55f4-7d82-47d9-b54c-a76916479551','2017-03-25 19:44:42','2017-03-25 19:44:42','Honolulu','421a55f4-7d82-47d9-b54c-a76916479551'),('521a55f4-7d82-47d9-b54c-a76916479552','2017-03-25 19:44:42','2017-03-25 19:44:42','Chicago','421a55f4-7d82-47d9-b54c-a76916479552'),('521a55f4-7d82-47d9-b54c-a76916479554','2017-03-25 19:44:42','2017-03-25 19:44:42','New Orleans','421a55f4-7d82-47d9-b54c-a76916479554'),('521a55f4-7d82-47d9-b54c-a76916479555','2017-03-25 19:44:42','2017-03-25 19:44:42','Saint Paul','421a55f4-7d82-47d9-b54c-a76916479555'),('521a55f4-7d82-47d9-b54c-a76916479556','2017-03-25 19:44:42','2017-03-25 19:44:42','Jackson','421a55f4-7d82-47d9-b54c-a76916479556'),('521a55f4-7d82-47d9-b54c-a76916479557','2017-03-25 19:44:42','2017-03-25 19:44:42','Portland','421a55f4-7d82-47d9-b54c-a76916479557'),('531a55f4-7d82-47d9-b54c-a76916479545','2017-03-25 19:44:42','2017-03-25 19:44:42','Babbie','421a55f4-7d82-47d9-b54c-a76916479545'),('531a55f4-7d82-47d9-b54c-a76916479546','2017-03-25 19:44:42','2017-03-25 19:44:42','Kearny','421a55f4-7d82-47d9-b54c-a76916479546'),('531a55f4-7d82-47d9-b54c-a76916479547','2017-03-25 19:44:42','2017-03-25 19:44:42','San Jose','421a55f4-7d82-47d9-b54c-a76916479547'),('531a55f4-7d82-47d9-b54c-a76916479549','2017-03-25 19:44:42','2017-03-25 19:44:42','Orlando','421a55f4-7d82-47d9-b54c-a76916479549'),('531a55f4-7d82-47d9-b54c-a76916479551','2017-03-25 19:44:42','2017-03-25 19:44:42','Kailua','421a55f4-7d82-47d9-b54c-a76916479551'),('531a55f4-7d82-47d9-b54c-a76916479552','2017-03-25 19:44:42','2017-03-25 19:44:42','Peoria','421a55f4-7d82-47d9-b54c-a76916479552'),('531a55f4-7d82-47d9-b54c-a76916479554','2017-03-25 19:44:42','2017-03-25 19:44:42','Baton rouge','421a55f4-7d82-47d9-b54c-a76916479554'),('531a55f4-7d82-47d9-b54c-a76916479556','2017-03-25 19:44:42','2017-03-25 19:44:42','Tupelo','421a55f4-7d82-47d9-b54c-a76916479556'),('531a55f4-7d82-47d9-b54c-a76916479557','2017-03-25 19:44:42','2017-03-25 19:44:42','Eugene','421a55f4-7d82-47d9-b54c-a76916479557'),('541a55f4-7d82-47d9-b54c-a76916479545','2017-03-25 19:44:42','2017-03-25 19:44:42','Calera','421a55f4-7d82-47d9-b54c-a76916479545'),('541a55f4-7d82-47d9-b54c-a76916479546','2017-03-25 19:44:42','2017-03-25 19:44:42','Tempe','421a55f4-7d82-47d9-b54c-a76916479546'),('541a55f4-7d82-47d9-b54c-a76916479547','2017-03-25 19:44:42','2017-03-25 19:44:42','Fremont','421a55f4-7d82-47d9-b54c-a76916479547'),('541a55f4-7d82-47d9-b54c-a76916479551','2017-03-25 19:44:42','2017-03-25 19:44:42','Pearl city','421a55f4-7d82-47d9-b54c-a76916479551'),('541a55f4-7d82-47d9-b54c-a76916479552','2017-03-25 19:44:42','2017-03-25 19:44:42','Naperville','421a55f4-7d82-47d9-b54c-a76916479552'),('541a55f4-7d82-47d9-b54c-a76916479554','2017-03-25 19:44:42','2017-03-25 19:44:42','Lafayette','421a55f4-7d82-47d9-b54c-a76916479554'),('541a55f4-7d82-47d9-b54c-a76916479556','2017-03-25 19:44:42','2017-03-25 19:44:42','Meridian','421a55f4-7d82-47d9-b54c-a76916479556'),('551a55f4-7d82-47d9-b54c-a76916479545','2017-03-25 19:44:42','2017-03-25 19:44:42','Fairfield','421a55f4-7d82-47d9-b54c-a76916479545'),('551a55f4-7d82-47d9-b54c-a76916479547','2017-03-25 19:44:42','2017-03-25 19:44:42','Napa','421a55f4-7d82-47d9-b54c-a76916479547'),('551a55f4-7d82-47d9-b54c-a76916479552','2017-03-25 19:44:42','2017-03-25 19:44:42','Urbana','421a55f4-7d82-47d9-b54c-a76916479552'),('561a55f4-7d82-47d9-b54c-a76916479547','2017-03-25 19:44:42','2017-03-25 19:44:42','Sonoma','421a55f4-7d82-47d9-b54c-a76916479547'),('561a55f4-7d82-47d9-b54c-a76916479552','2017-03-25 19:44:42','2017-03-25 19:44:42','Joliet','421a55f4-7d82-47d9-b54c-a76916479552'),('f99aa573-8826-4c46-a81e-0d8268689511','2022-12-08 00:46:45','2022-12-08 00:46:45','Tampa','421a55f4-7d82-47d9-b54c-a76916479549');
/*!40000 ALTER TABLE `cities` ENABLE KEYS */;
UNLOCK TABLES;

--
-- Dumping data for table `place_amenity`
--

LOCK TABLES `place_amenity` WRITE;
/*!40000 ALTER TABLE `place_amenity` DISABLE KEYS */;
/*!40000 ALTER TABLE `place_amenity` ENABLE KEYS */;
UNLOCK TABLES;

--
-- Dumping data for table `places`
--

LOCK TABLES `places` WRITE;
/*!40000 ALTER TABLE `places` DISABLE KEYS */;
INSERT INTO `places` VALUES ('2b5b1602-2939-4472-a8a6-9fd2574bd5aa','2022-12-08 10:28:25','2022-12-08 10:28:25','531a55f4-7d82-47d9-b54c-a76916479556','b9a4a6cd-59ca-4861-a6a9-9f43e2cc647d','Shotgun Shack',NULL,0,0,0,0,NULL,NULL);
/*!40000 ALTER TABLE `places` ENABLE KEYS */;
UNLOCK TABLES;

--
-- Dumping data for table `reviews`
--

LOCK TABLES `reviews` WRITE;
/*!40000 ALTER TABLE `reviews` DISABLE KEYS */;
INSERT INTO `reviews` VALUES ('ae91523f-8659-4033-9284-58c372e30145','2022-12-08 11:58:21','2022-12-08 11:58:21','2b5b1602-2939-4472-a8a6-9fd2574bd5aa','b9a4a6cd-59ca-4861-a6a9-9f43e2cc647d','Review 2 text test'),('f8340c0e-17c2-435b-a9ef-1e83c28adad4','2022-12-08 11:58:07','2022-12-08 11:58:07','2b5b1602-2939-4472-a8a6-9fd2574bd5aa','b9a4a6cd-59ca-4861-a6a9-9f43e2cc647d','Review text test');
/*!40000 ALTER TABLE `reviews` ENABLE KEYS */;
UNLOCK TABLES;

--
-- Dumping data for table `states`
--

LOCK TABLES `states` WRITE;
/*!40000 ALTER TABLE `states` DISABLE KEYS */;
INSERT INTO `states` VALUES ('421a55f4-7d82-47d9-b54c-a76916479545','2017-03-25 19:44:42','2017-03-25 19:44:42','Alabama'),('421a55f4-7d82-47d9-b54c-a76916479546','2017-03-25 19:44:42','2017-03-25 19:44:42','Arizona'),('421a55f4-7d82-47d9-b54c-a76916479547','2017-03-25 19:44:42','2022-12-07 10:14:55','California is so cool'),('421a55f4-7d82-47d9-b54c-a76916479548','2017-03-25 19:44:42','2017-03-25 19:44:42','Colorado'),('421a55f4-7d82-47d9-b54c-a76916479549','2017-03-25 19:44:42','2017-03-25 19:44:42','Florida'),('421a55f4-7d82-47d9-b54c-a76916479550','2017-03-25 19:44:42','2017-03-25 19:44:42','Georgia'),('421a55f4-7d82-47d9-b54c-a76916479551','2017-03-25 19:44:42','2017-03-25 19:44:42','Hawaii'),('421a55f4-7d82-47d9-b54c-a76916479552','2017-03-25 19:44:42','2017-03-25 19:44:42','Illinois'),('421a55f4-7d82-47d9-b54c-a76916479553','2017-03-25 19:44:42','2017-03-25 19:44:42','Indiana'),('421a55f4-7d82-47d9-b54c-a76916479554','2017-03-25 19:44:42','2017-03-25 19:44:42','Louisiana'),('421a55f4-7d82-47d9-b54c-a76916479555','2017-03-25 19:44:42','2017-03-25 19:44:42','Minnesota'),('421a55f4-7d82-47d9-b54c-a76916479556','2017-03-25 19:44:42','2017-03-25 19:44:42','Mississippi'),('421a55f4-7d82-47d9-b54c-a76916479557','2017-03-25 19:44:42','2017-03-25 19:44:42','Oregon'),('7837b6d5-41f1-4b9e-96e1-a1e785c41ea9','2022-12-07 08:27:08','2022-12-07 08:27:08','California'),('e31cd119-ca70-44ff-8f71-16431e398b14','2022-12-07 10:37:47','2022-12-07 10:37:47','California');
/*!40000 ALTER TABLE `states` ENABLE KEYS */;
UNLOCK TABLES;

--
-- Dumping data for table `users`
--

LOCK TABLES `users` WRITE;
/*!40000 ALTER TABLE `users` DISABLE KEYS */;
INSERT INTO `users` VALUES ('b9a4a6cd-59ca-4861-a6a9-9f43e2cc647d','2022-12-08 10:26:35','2022-12-08 10:26:35','123@a.com','abc',NULL,NULL);
/*!40000 ALTER TABLE `users` ENABLE KEYS */;
UNLOCK TABLES;
/*!40103 SET TIME_ZONE=@OLD_TIME_ZONE */;

/*!40101 SET SQL_MODE=@OLD_SQL_MODE */;
/*!40014 SET FOREIGN_KEY_CHECKS=@OLD_FOREIGN_KEY_CHECKS */;
/*!40014 SET UNIQUE_CHECKS=@OLD_UNIQUE_CHECKS */;
/*!40101 SET CHARACTER_SET_CLIENT=@OLD_CHARACTER_SET_CLIENT */;
/*!40101 SET CHARACTER_SET_RESULTS=@OLD_CHARACTER_SET_RESULTS */;
/*!40101 SET COLLATION_CONNECTION=@OLD_COLLATION_CONNECTION */;
/*!40111 SET SQL_NOTES=@OLD_SQL_NOTES */;

-- Dump completed on 2022-12-19  3:11:07
